nac_id,x,y
M104311715RC,2137.2,20961.31765
M104318871RC,2189.08235,21358.09412
M109032389LC,3740.61176,25243.83529
M1096286491LC,267.95294,32775.42353
M1096293636RC,4101.56471,33295.23529
M1111607088LC,4621.12941,17394.28235
