nac_id,x,y
M119571034RC,2582.31032028,24264.2391459
M121925686RC,1540.53096085,16089.0661922
M121925686RC,1603.03772242,16055.5259786
M144836594LC,4900.65053381,16907.7523132
