nac_id,x,y
M122584310LC,4600.56725979,30795.941637
M155016845RC,3165.19857651,24892.3558719
M171835900LC,4694.32740214,15843.6128114
M1115434324RC,3975.2455516,13367.7352313
M1148412691LC,729.896085409,22686.8811388
M1274609891LC,4687.46690391,21795.9843416
M1335130357LC,2975.89964413,27652.3088968
