nac_id,x,y
M109032389RC,2266.34626335,5446.21014235
M162107606LC,4224.38327402,44652.4964413
